Depth,K.z
4.75,7.16015950339907
6.25,1.80187249536254
8,0.358501412480899
10,0.339450754841323
12,0.168529426885408
14,1.26426136282341
15.9,2.90937357611779
